geoid10,nhid,nhname
8001007801,283,Montview Park
8001007802,283,Montview Park
8001007900,283,Montview Park
8001008000,283,Montview Park
8001008100,283,Montview Park
8001008200,285,North Aurora
8001008308,285,North Aurora
8001008309,285,North Aurora
8001008353,285,North Aurora
8001008401,105,Northeast Adams
8001008402,105,Northeast Adams
8001008505,113,Central Northglenn
8001008506,113,Central Northglenn
8001008507,100,Wyco Park
8001008508,280,North Thornton
8001008523,200,Barr Lake State Park
8001008524,279,Todd Creek and East Thornton
8001008526,280,North Thornton
8001008529,280,North Thornton
8001008533,278,Riverdale Park and South Thornton
8001008534,278,Riverdale Park and South Thornton
8001008535,199,Central Commerce City
8001008536,200,Barr Lake State Park
8001008537,199,Central Commerce City
8001008538,200,Barr Lake State Park
8001008539,199,Central Commerce City
8001008540,279,Todd Creek and East Thornton
8001008541,279,Todd Creek and East Thornton
8001008542,108,East Brighton
8001008543,109,Benedict Park
8001008544,280,North Thornton
8001008545,280,North Thornton
8001008546,279,Todd Creek and East Thornton
8001008547,279,Todd Creek and East Thornton
8001008548,279,Todd Creek and East Thornton
8001008549,279,Todd Creek and East Thornton
8001008550,279,Todd Creek and East Thornton
8001008551,279,Todd Creek and East Thornton
8001008603,110,West Brighton
8001008604,110,West Brighton
8001008605,109,Benedict Park
8001008606,110,West Brighton
8001008705,198,South Commerce City
8001008706,198,South Commerce City
8001008709,198,South Commerce City
8001008801,197,Derby
8001008802,197,Derby
8001008901,198,South Commerce City
8001009001,277,Southwest Thornton
8001009002,101,Welby and East North Washington
8001009101,277,Southwest Thornton
8001009103,278,Riverdale Park and South Thornton
8001009104,278,Riverdale Park and South Thornton
8001009202,277,Southwest Thornton
8001009203,277,Southwest Thornton
8001009204,278,Riverdale Park and South Thornton
8001009206,278,Riverdale Park and South Thornton
8001009207,278,Riverdale Park and South Thornton
8001009304,113,Central Northglenn
8001009306,103,Federal Heights
8001009307,277,Southwest Thornton
8001009308,103,Federal Heights
8001009309,107,South Westminster
8001009310,103,Federal Heights
8001009316,103,Federal Heights
8001009318,277,Southwest Thornton
8001009319,103,Federal Heights
8001009320,103,Federal Heights
8001009321,103,Federal Heights
8001009322,281,Federal Heights North
8001009323,113,Central Northglenn
8001009325,112,Big Dry Creek
8001009326,99,North Central Westminster
8001009327,301,West Northglenn
8001009401,107,South Westminster
8001009406,106,Westminster Center Park
8001009407,107,South Westminster
8001009408,99,North Central Westminster
8001009409,99,North Central Westminster
8001009410,99,North Central Westminster
8001009411,106,Westminster Center Park
8001009501,107,South Westminster
8001009502,102,Twin Lakes
8001009553,102,Twin Lakes
8001009603,107,South Westminster
8001009604,107,South Westminster
8001009606,102,Twin Lakes
8001009607,102,Twin Lakes
8001009608,102,Twin Lakes
8001009751,102,Twin Lakes
8001009752,102,Twin Lakes
8001015000,101,Welby and East North Washington
8001060000,280,North Thornton
8001060100,111,Quail Crossing Park
8001060200,112,Big Dry Creek
8001061200,280,North Thornton
8001988700,313,Rocky Mountain Arsenal
8003960000,,
8003960100,,
8003960200,,
8003960300,,
8005004951,89,Glendale
8005004952,89,Glendale
8005005551,282,Sheridan
8005005552,282,Sheridan
8005005553,270,Littleton North
8005005611,305,Dekoevend Park
8005005612,303,Greenwood Village
8005005614,128,West Centennial
8005005619,269,Bowels Grove Park
8005005620,116,S Federal Blvd and W Belleview Ave
8005005621,79,East Columbine
8005005622,275,Southwest Littleton
8005005623,274,Central south Littleton
8005005624,274,Central south Littleton
8005005625,305,Dekoevend Park
8005005626,305,Dekoevend Park
8005005627,128,West Centennial
8005005628,128,West Centennial
8005005629,128,West Centennial
8005005630,128,West Centennial
8005005631,128,West Centennial
8005005632,128,West Centennial
8005005633,276,South Littleton
8005005634,276,South Littleton
8005005635,128,West Centennial
8005005636,303,Greenwood Village
8005005700,304,Englewood
8005005800,304,Englewood
8005005951,304,Englewood
8005005952,304,Englewood
8005006000,304,Englewood
8005006100,304,Englewood
8005006200,270,Littleton North
8005006300,304,Englewood
8005006400,304,Englewood
8005006501,271,City Hall
8005006502,272,Sterne Park and Slaughterhouse Gulch Park
8005006601,273,Northeast Littleton
8005006603,273,Northeast Littleton
8005006604,273,Northeast Littleton
8005006704,302,Cherry Hills Village
8005006705,302,Cherry Hills Village
8005006706,128,West Centennial
8005006707,128,West Centennial
8005006708,128,West Centennial
8005006709,128,West Centennial
8005006711,128,West Centennial
8005006712,303,Greenwood Village
8005006713,303,Greenwood Village
8005006808,125,Cherry Creek Reservoir
8005006815,122,Centennial Airport
8005006854,125,Cherry Creek Reservoir
8005006855,126,Northeast Centennial
8005006856,122,Centennial Airport
8005006857,125,Cherry Creek Reservoir
8005006858,122,Centennial Airport
8005007101,115,East Arapaphoe
8005007103,115,East Arapaphoe
8005007104,129,Southeast Aurora
8005007105,288,Central East Aurora
8005007106,129,Southeast Aurora
8005007107,155,Heritage Eagle Bend
8005007201,152,Exposition Park and Aurora Hills
8005007202,284,Delmar Parkway
8005007301,284,Delmar Parkway
8005007302,284,Delmar Parkway
8005007400,284,Delmar Parkway
8005007500,284,Delmar Parkway
8005007600,284,Delmar Parkway
8005007702,152,Exposition Park and Aurora Hills
8005007703,152,Exposition Park and Aurora Hills
8005007704,152,Exposition Park and Aurora Hills
8005015100,83,Holly Hills
8005080000,152,Exposition Park and Aurora Hills
8005080100,152,Exposition Park and Aurora Hills
8005080200,153,Utah Park
8005080300,153,Utah Park
8005080400,153,Utah Park
8005080500,153,Utah Park
8005080600,153,Utah Park
8005080700,153,Utah Park
8005080800,152,Exposition Park and Aurora Hills
8005080900,152,Exposition Park and Aurora Hills
8005081000,152,Exposition Park and Aurora Hills
8005081100,152,Exposition Park and Aurora Hills
8005081200,153,Utah Park
8005081300,153,Utah Park
8005081400,153,Utah Park
8005081500,154,Olympic Park
8005081600,154,Olympic Park
8005081700,154,Olympic Park
8005081800,287,Chambers Heights and Laredo Highline
8005081900,91,Laredo Highline
8005082000,152,Exposition Park and Aurora Hills
8005082100,152,Exposition Park and Aurora Hills
8005082200,153,Utah Park
8005082300,154,Olympic Park
8005082400,154,Olympic Park
8005082500,154,Olympic Park
8005082600,152,Exposition Park and Aurora Hills
8005082700,298,Aurora Highlands and Side Creek
8005082800,298,Aurora Highlands and Side Creek
8005082900,298,Aurora Highlands and Side Creek
8005083000,151,Conservatory
8005083100,154,Olympic Park
8005083200,126,Northeast Centennial
8005083300,154,Olympic Park
8005083400,154,Olympic Park
8005083500,154,Olympic Park
8005083600,125,Cherry Creek Reservoir
8005083700,126,Northeast Centennial
8005083800,154,Olympic Park
8005083900,154,Olympic Park
8005084000,150,Mission Viejo
8005084100,156,Summer Valley Park
8005084200,156,Summer Valley Park
8005084300,156,Summer Valley Park
8005084400,156,Summer Valley Park
8005084500,154,Olympic Park
8005084600,154,Olympic Park
8005084700,150,Mission Viejo
8005084800,126,Northeast Centennial
8005084900,154,Olympic Park
8005085000,126,Northeast Centennial
8005085100,126,Northeast Centennial
8005085200,126,Northeast Centennial
8005085300,155,Heritage Eagle Bend
8005085400,126,Northeast Centennial
8005085500,126,Northeast Centennial
8005085600,126,Northeast Centennial
8005085700,156,Summer Valley Park
8005085800,126,Northeast Centennial
8005085900,126,Northeast Centennial
8005086000,155,Heritage Eagle Bend
8005086100,155,Heritage Eagle Bend
8005086200,126,Northeast Centennial
8005086300,122,Centennial Airport
8005086400,127,Southeast Centennial
8005086500,155,Heritage Eagle Bend
8005086600,155,Heritage Eagle Bend
8005086700,155,Heritage Eagle Bend
8005086800,86,Sullivan
8005086900,86,Sullivan
8005087000,153,Utah Park
8005087100,153,Utah Park
8005087200,86,Sullivan
8005087300,86,Sullivan
8007940400,,
8007974200,,
8007974300,,
8007974400,,
8009964600,,
8009964700,,
8011966700,,
8013012101,308,Mapleton Hill
8013012102,311,Old North Boulder
8013012103,157,Wonderland
8013012104,157,Wonderland
8013012105,157,Wonderland
8013012201,307,Flatirons and Grant
8013012202,309,Whittier(Boulder County)
8013012203,185,Kings Ridge
8013012204,309,Whittier(Boulder County)
8013012300,179,CU Main Campus
8013012401,310,University Hills(Boulder County)
8013012501,184,Southeast Boulder
8013012505,306,Chautauqua
8013012507,165,Martin Acres
8013012508,165,Martin Acres
8013012509,306,Chautauqua
8013012510,178,Nederland and Boulder Mountain Park
8013012511,184,Southeast Boulder
8013012603,184,Southeast Boulder
8013012605,180,CU East Campus
8013012607,184,Southeast Boulder
8013012608,184,Southeast Boulder
8013012701,181,West Boulder including Ward and Jamestown
8013012705,187,Gunbarrel
8013012707,177,Boulder Municipal Airport
8013012708,187,Gunbarrel
8013012709,187,Gunbarrel
8013012710,164,Louisville
8013012800,160,West Erie
8013012903,163,Lafayette
8013012904,163,Lafayette
8013012905,162,Southeast Lafayette and Rock Creek Farm Park
8013012907,163,Lafayette
8013013003,164,Louisville
8013013004,164,Louisville
8013013005,164,Louisville
8013013006,164,Louisville
8013013201,175,Longs Peak
8013013202,181,West Boulder including Ward and Jamestown
8013013205,159,Niwot
8013013207,188,McIntosh Park
8013013208,188,McIntosh Park
8013013210,168,Kamemoto Park
8013013211,176,Standley Hill
8013013212,167,Willow Creek Park
8013013213,158,Southwest Longmont
8013013302,182,Roosevelt Park and Sunset Park
8013013305,172,Garden Acres Park
8013013306,171,Clark Centennial Park
8013013307,171,Clark Centennial Park
8013013308,171,Clark Centennial Park
8013013401,171,Clark Centennial Park
8013013402,171,Clark Centennial Park
8013013503,171,Clark Centennial Park
8013013505,171,Clark Centennial Park
8013013506,170,Rough & Ready Park and Stephen Day Park
8013013507,171,Clark Centennial Park
8013013508,170,Rough & Ready Park and Stephen Day Park
8013013601,174,Lyons and Rabbit Mountain
8013013602,173,Rocky Mountain National Park and Northwest Boulder
8013013701,181,West Boulder including Ward and Jamestown
8013013702,178,Nederland and Boulder Mountain Park
8013060600,165,Martin Acres
8013060700,164,Louisville
8013060800,162,Southeast Lafayette and Rock Creek Farm Park
8013060900,163,Lafayette
8013061300,165,Martin Acres
8013061400,165,Martin Acres
8014030000,192,Lac Amora Park and Zangs Spur Park
8014030100,193,Central West Broomfield
8014030200,192,Lac Amora Park and Zangs Spur Park
8014030300,189,Southeast Broomfield
8014030400,194,Central North Broomfield
8014030500,194,Central North Broomfield
8014030600,196,Northeast Broomfield
8014030700,189,Southeast Broomfield
8014030800,189,Southeast Broomfield
8014030900,193,Central West Broomfield
8014031000,196,Northeast Broomfield
8014031100,247,Southwest Broomfield
8014031200,192,Lac Amora Park and Zangs Spur Park
8014031300,196,Northeast Broomfield
8014031400,196,Northeast Broomfield
8014980100,163,Lafayette
8014980200,162,Southeast Lafayette and Rock Creek Farm Park
8014980300,164,Louisville
8015000100,,
8015000200,,
8015000300,,
8015000401,,
8015000402,,
8017960600,,
8019014700,,
8019014800,,
8019014900,,
8021974800,,
8021974900,,
8023972600,,
8023972700,,
8025969600,,
8027970100,,
8029964600,,
8029964700,,
8029964800,,
8029964900,,
8029965000,,
8029965100,,
8029965200,,
8031000102,8,Berkeley
8031000201,11,Chaffee Park
8031000202,62,Sunnyside
8031000301,8,Berkeley
8031000302,75,West Highland
8031000303,75,West Highland
8031000401,62,Sunnyside
8031000402,36,Highland
8031000501,56,Sloan Lake
8031000502,56,Sloan Lake
8031000600,39,Jefferson Park
8031000701,74,West Colfax
8031000702,74,West Colfax
8031000800,61,Sun Valley
8031000902,5,Barnum West
8031000903,4,Barnum
8031000904,68,Villa Park
8031000905,68,Villa Park
8031001000,67,Valverde
8031001101,62,Sunnyside
8031001102,36,Highland
8031001301,1,Athmar Park
8031001302,1,Athmar Park
8031001401,54,Ruby Hill
8031001402,54,Ruby Hill
8031001403,50,Overland
8031001500,29,Globeville
8031001600,26,Five Points
8031001701,63,Union Station
8031001702,10,CBD
8031001800,41,Lincoln Park
8031001901,41,Lincoln Park
8031001902,2,Auraria
8031002000,16,Civic Center
8031002100,3,Baker
8031002300,77,Whittier
8031002402,26,Five Points
8031002403,26,Five Points
8031002601,47,North Capitol Hill
8031002602,47,North Capitol Hill
8031002701,9,Capitol Hill
8031002702,9,Capitol Hill
8031002703,9,Capitol Hill
8031002801,59,Speer
8031002802,59,Speer
8031002803,59,Speer
8031002901,71,Washington Park West
8031002902,71,Washington Park West
8031003001,51,Platt Park
8031003002,53,Rosedale
8031003003,64,University
8031003004,64,University
8031003101,15,City Park West
8031003102,15,City Park West
8031003201,12,Cheesman Park
8031003202,12,Cheesman Park
8031003203,22,Country Club
8031003300,20,Congress Park
8031003401,70,Washington Park
8031003402,70,Washington Park
8031003500,25,Elyria Swansea
8031003601,18,Cole
8031003602,17,Clayton
8031003603,55,Skyland
8031003701,14,City Park
8031003702,20,Congress Park
8031003703,20,Congress Park
8031003800,13,Cherry Creek
8031003901,7,Belcaro
8031003902,21,Cory - Merrill
8031004002,73,Wellshire
8031004003,65,University Hills
8031004004,58,Southmoor Park
8031004005,66,University Park
8031004006,66,University Park
8031004101,49,Northeast Park Hill
8031004102,49,Northeast Park Hill
8031004103,48,North Park Hill
8031004104,48,North Park Hill
8031004106,60,Stapleton
8031004107,60,Stapleton
8031004201,57,South Park Hill
8031004202,57,South Park Hill
8031004301,31,Hale
8031004302,31,Hale
8031004303,37,Hilltop
8031004304,46,Montclair
8031004306,37,Hilltop
8031004403,24,East Colfax
8031004404,24,East Colfax
8031004405,42,Lowry Field
8031004503,76,Westwood
8031004504,76,Westwood
8031004505,76,Westwood
8031004506,76,Westwood
8031004601,43,Mar Lee
8031004602,43,Mar Lee
8031004603,34,Harvey Park
8031004700,34,Harvey Park
8031004801,35,Harvey Park South
8031005001,72,Washington Virginia Vale
8031005002,72,Washington Virginia Vale
8031005102,69,Virginia Village
8031005104,69,Virginia Village
8031005200,69,Virginia Village
8031005300,65,University Hills
8031005502,27,Fort Logan
8031005503,27,Fort Logan
8031006701,58,Southmoor Park
8031006804,33,Hampden South
8031006809,33,Hampden South
8031006810,33,Hampden South
8031006811,32,Hampden
8031006812,32,Hampden
8031006813,32,Hampden
8031006814,32,Hampden
8031006901,30,Goldsmith
8031007006,40,Kennedy
8031007013,38,Indian Creek
8031007037,78,Windsor
8031007088,78,Windsor
8031007089,78,Windsor
8031008304,45,Montbello
8031008305,45,Montbello
8031008306,45,Montbello
8031008312,45,Montbello
8031008386,45,Montbello
8031008387,45,Montbello
8031008388,28,Gateway - Green Valley Ranch
8031008389,28,Gateway - Green Valley Ranch
8031008390,28,Gateway - Green Valley Ranch
8031008391,28,Gateway - Green Valley Ranch
8031011902,6,Bear Valley
8031011903,6,Bear Valley
8031012001,27,Fort Logan
8031012010,44,Marston
8031012014,44,Marston
8031015300,72,Washington Virginia Vale
8031015400,52,Regis
8031015500,69,Virginia Village
8031015600,19,College View
8031015700,35,Harvey Park South
8031980000,23,DIA
8031980100,45,Montbello
8033000100,,
8035013901,207,Parker
8035013904,205,Parker North and Parker Heights
8035013905,207,Parker
8035013907,207,Parker
8035013908,216,Pinery Park
8035013909,213,Lemon Gulch
8035013910,216,Pinery Park
8035013911,216,Pinery Park
8035014001,203,Stonegate
8035014005,203,Stonegate
8035014006,203,Stonegate
8035014007,203,Stonegate
8035014008,203,Stonegate
8035014009,203,Stonegate
8035014010,203,Stonegate
8035014011,214,Meridian International Business Center
8035014012,213,Lemon Gulch
8035014013,213,Lemon Gulch
8035014107,220,Highlands Ranch West
8035014108,220,Highlands Ranch West
8035014109,222,Highlands Ranch Southeast
8035014110,221,Highlands Ranch East
8035014112,221,Highlands Ranch East
8035014113,221,Highlands Ranch East
8035014114,203,Stonegate
8035014115,221,Highlands Ranch East
8035014116,203,Stonegate
8035014122,217,Castle Pines North
8035014123,219,Castle Pines Villige
8035014124,220,Highlands Ranch West
8035014125,217,Castle Pines North
8035014126,220,Highlands Ranch West
8035014127,217,Castle Pines North
8035014128,220,Highlands Ranch West
8035014129,220,Highlands Ranch West
8035014130,220,Highlands Ranch West
8035014131,220,Highlands Ranch West
8035014132,222,Highlands Ranch Southeast
8035014133,220,Highlands Ranch West
8035014134,221,Highlands Ranch East
8035014135,206,Highlands
8035014136,221,Highlands Ranch East
8035014137,221,Highlands Ranch East
8035014138,221,Highlands Ranch East
8035014139,221,Highlands Ranch East
8035014140,221,Highlands Ranch East
8035014202,204,East Pike National Forest
8035014203,201,Roxborough Park
8035014204,208,East Roxborough Park
8035014300,202,Pike National Forest
8035014403,209,Continental Divide Raceway
8035014404,204,East Pike National Forest
8035014405,218,Red Hawk and Solitude Colorado
8035014406,218,Red Hawk and Solitude Colorado
8035014503,218,Red Hawk and Solitude Colorado
8035014504,215,Glover
8035014505,215,Glover
8035014506,209,Continental Divide Raceway
8035014602,210,Russellville
8035014603,212,Mitchell Culch Park
8035014604,211,Castlewood Ranch
8037000100,,
8037000200,,
8037000301,,
8037000302,,
8037000401,,
8037000402,,
8037000403,,
8037000501,,
8037000502,,
8037000503,,
8037000600,,
8037000701,,
8037000702,,
8037000703,,
8039961100,,
8039961204,,
8039961205,,
8039961206,,
8039961207,,
8039961208,,
8039961209,,
8041000101,,
8041000102,,
8041000202,,
8041000203,,
8041000301,,
8041000302,,
8041000400,,
8041000500,,
8041000600,,
8041000700,,
8041000800,,
8041000900,,
8041001000,,
8041001101,,
8041001104,,
8041001301,,
8041001302,,
8041001400,,
8041001500,,
8041001600,,
8041001700,,
8041001800,,
8041001900,,
8041002000,,
8041002101,,
8041002102,,
8041002200,,
8041002300,,
8041002400,,
8041002501,,
8041002502,,
8041002700,,
8041002800,,
8041002900,,
8041003000,,
8041003100,,
8041003303,,
8041003305,,
8041003306,,
8041003307,,
8041003308,,
8041003400,,
8041003701,,
8041003702,,
8041003705,,
8041003706,,
8041003707,,
8041003708,,
8041003709,,
8041003801,,
8041003802,,
8041003902,,
8041003905,,
8041003906,,
8041003909,,
8041004008,,
8041004009,,
8041004100,,
8041004200,,
8041004300,,
8041004401,,
8041004402,,
8041004403,,
8041004501,,
8041004502,,
8041004503,,
8041004506,,
8041004507,,
8041004508,,
8041004510,,
8041004511,,
8041004601,,
8041004602,,
8041004603,,
8041004701,,
8041004702,,
8041004703,,
8041004705,,
8041004706,,
8041004800,,
8041004901,,
8041004902,,
8041005000,,
8041005104,,
8041005105,,
8041005106,,
8041005107,,
8041005108,,
8041005109,,
8041005110,,
8041005111,,
8041005201,,
8041005202,,
8041005300,,
8041005400,,
8041005501,,
8041005502,,
8041005601,,
8041005602,,
8041005700,,
8041005800,,
8041005900,,
8041006000,,
8041006100,,
8041006200,,
8041006301,,
8041006302,,
8041006400,,
8041006501,,
8041006502,,
8041006600,,
8041006700,,
8041006801,,
8041006802,,
8041006901,,
8041006902,,
8041007000,,
8041007101,,
8041007102,,
8041007201,,
8041007202,,
8041007300,,
8041007400,,
8041007500,,
8041007601,,
8041007602,,
8041007700,,
8041007800,,
8041007900,,
8041008000,,
8043978100,,
8043978200,,
8043978300,,
8043978400,,
8043978500,,
8043978600,,
8043978800,,
8043979000,,
8043979100,,
8043979200,,
8043979400,,
8043980100,,
8043980200,,
8043980300,,
8045951600,,
8045951701,,
8045951702,,
8045951802,,
8045951803,,
8045951804,,
8045951901,,
8045951902,,
8045952001,,
8045952002,,
8045952100,,
8047013800,,
8049000100,,
8049000201,,
8049000202,,
8051963600,,
8051963700,,
8051963800,,
8051963900,,
8053973100,,
8055960600,,
8055960900,,
8057955600,,
8059009806,225,Applewood
8059009807,264,Northwest Lakewood
8059009808,246,Golden Gate Canyon and Coal Creek Canyon
8059009815,131,South Standley Lake
8059009823,224,Walnut Grove
8059009824,224,Walnut Grove
8059009827,257,Oakhurst Park
8059009828,257,Oakhurst Park
8059009829,237,North StandleyLake Open Space Park
8059009830,251,Dover Square Park
8059009831,251,Dover Square Park
8059009832,130,Far Horizons
8059009833,141,Lake Arbor
8059009834,148,Pomona
8059009835,300,Southwest Standley Lake
8059009836,140,Van Aredale and Harvest
8059009837,137,Leyden
8059009838,260,Westwoods Park
8059009839,259,Yankee Doodle Park
8059009840,259,Yankee Doodle Park
8059009841,133,Northwest Arvada
8059009842,262,Long Lake Ranch Park and North Table Mountain
8059009843,262,Long Lake Ranch Park and North Table Mountain
8059009845,230,Genesee Park
8059009846,230,Genesee Park
8059009847,231,Bell Park
8059009848,248,Elk Meadow Park
8059009849,227,Lakota Hills
8059009850,230,Genesee Park
8059009851,139,Wyndam Park
8059009852,261,Ralston
8059009900,227,Lakota Hills
8059010000,227,Lakota Hills
8059010100,226,East Old Golden RD
8059010205,132,Sierra Vista
8059010206,147,Clubcrest
8059010208,143,Hackberry Hill
8059010209,299,Highlands
8059010210,146,Scenic Heights
8059010211,258,Arvada Center
8059010212,144,Larmar Heights
8059010213,145,Homestead Park and Columbine
8059010303,133,Northwest Arvada
8059010304,134,Alta Vista and Memorial Park
8059010305,134,Alta Vista and Memorial Park
8059010306,135,Allendale
8059010307,135,Allendale
8059010308,136,Skiline
8059010402,136,Skiline
8059010403,228,Fruitdale
8059010405,145,Homestead Park and Columbine
8059010406,145,Homestead Park and Columbine
8059010502,265,Northeast Lakewood
8059010503,264,Northwest Lakewood
8059010504,264,Northwest Lakewood
8059010603,265,Northeast Lakewood
8059010604,229,Apel Bacher Park
8059010701,265,Northeast Lakewood
8059010702,265,Northeast Lakewood
8059010801,264,Northwest Lakewood
8059010901,264,Northwest Lakewood
8059010902,264,Northwest Lakewood
8059011000,263,Charles Whitlock Rec Park and Morse Park
8059011100,264,Northwest Lakewood
8059011202,266,Okane Park
8059011300,265,Northeast Lakewood
8059011401,265,Northeast Lakewood
8059011402,265,Northeast Lakewood
8059011550,265,Northeast Lakewood
8059011601,266,Okane Park
8059011602,266,Okane Park
8059011701,268,South Lakewood
8059011702,268,South Lakewood
8059011708,267,Hayden Green Mountain Park
8059011709,268,South Lakewood
8059011710,268,South Lakewood
8059011711,267,Hayden Green Mountain Park
8059011712,267,Hayden Green Mountain Park
8059011720,267,Hayden Green Mountain Park
8059011721,267,Hayden Green Mountain Park
8059011723,267,Hayden Green Mountain Park
8059011724,267,Hayden Green Mountain Park
8059011725,267,Hayden Green Mountain Park
8059011726,223,Hutchinson Park
8059011727,268,South Lakewood
8059011728,268,South Lakewood
8059011729,268,South Lakewood
8059011730,268,South Lakewood
8059011731,268,South Lakewood
8059011732,267,Hayden Green Mountain Park
8059011733,267,Hayden Green Mountain Park
8059011803,268,South Lakewood
8059011804,268,South Lakewood
8059011805,266,Okane Park
8059011806,266,Okane Park
8059011904,242,Mount Carbon Park and Westgate
8059011951,268,South Lakewood
8059012022,238,Ken Caryl Ranch
8059012023,245,Hine Lake
8059012024,238,Ken Caryl Ranch
8059012026,231,Bell Park
8059012027,249,Mount Falcon Canyon Park
8059012030,232,Alder-Three Sisters Park
8059012031,252,Shadow Mountain
8059012032,250,Berrian Mountain
8059012033,256,Meyer Ranch Park
8059012034,238,Ken Caryl Ranch
8059012035,238,Ken Caryl Ranch
8059012036,254,Deer Creek Canyon Park and James Q Newton Park
8059012037,253,Pine Junction Area and Kings Valley
8059012038,243,Harriman Lake
8059012039,243,Harriman Lake
8059012041,243,Harriman Lake
8059012042,243,Harriman Lake
8059012043,243,Harriman Lake
8059012044,245,Hine Lake
8059012045,245,Hine Lake
8059012046,245,Hine Lake
8059012047,245,Hine Lake
8059012048,236,Clement Park
8059012049,234,Bow Mar
8059012050,234,Bow Mar
8059012051,234,Bow Mar
8059012052,245,Hine Lake
8059012053,244,Wayside Meadows Park
8059012054,234,Bow Mar
8059012055,244,Wayside Meadows Park
8059012057,244,Wayside Meadows Park
8059012058,255,West Pike National Forest
8059012059,244,Wayside Meadows Park
8059012060,244,Wayside Meadows Park
8059015800,264,Northwest Lakewood
8059015900,242,Mount Carbon Park and Westgate
8059060300,257,Oakhurst Park
8059060400,257,Oakhurst Park
8059060500,138,Whisper Creek
8059980000,312,Federal Center
8059980400,242,Mount Carbon Park and Westgate
8061960100,,
8063962100,,
8063962200,,
8063962300,,
8065961700,,
8065961900,,
8067940300,,
8067940400,,
8067970600,,
8067970701,,
8067970703,,
8067970704,,
8067970800,,
8067970900,,
8067971000,,
8067971100,,
8069000100,,
8069000201,,
8069000202,,
8069000300,,
8069000401,,
8069000402,,
8069000503,,
8069000504,,
8069000505,,
8069000506,,
8069000600,,
8069000700,,
8069000801,,
8069000802,,
8069000901,,
8069000902,,
8069001003,,
8069001004,,
8069001007,,
8069001008,,
8069001009,,
8069001010,,
8069001104,,
8069001106,,
8069001107,,
8069001109,,
8069001110,,
8069001111,,
8069001112,,
8069001113,,
8069001114,,
8069001301,,
8069001304,,
8069001305,,
8069001306,,
8069001307,,
8069001308,,
8069001601,,
8069001602,,
8069001603,,
8069001605,,
8069001606,,
8069001607,,
8069001608,,
8069001704,,
8069001706,,
8069001707,,
8069001708,,
8069001709,,
8069001804,,
8069001806,,
8069001807,,
8069001808,,
8069001809,,
8069001901,,
8069001902,,
8069001903,,
8069002005,,
8069002007,,
8069002008,,
8069002010,,
8069002011,,
8069002300,,
8069002401,,
8069002402,,
8069002501,,
8069002502,,
8069002503,,
8069002600,,
8069002700,,
8069002801,,
8069002802,,
8069002803,,
8071000100,,
8071000200,,
8071000300,,
8071000400,,
8071000500,,
8071000800,,
8073961700,,
8073961800,,
8075965900,,
8075966000,,
8075966100,,
8075966200,,
8075966300,,
8075966400,,
8077000200,,
8077000300,,
8077000400,,
8077000500,,
8077000601,,
8077000602,,
8077000700,,
8077000800,,
8077000900,,
8077001001,,
8077001002,,
8077001101,,
8077001102,,
8077001200,,
8077001301,,
8077001302,,
8077001402,,
8077001403,,
8077001404,,
8077001501,,
8077001502,,
8077001600,,
8077001702,,
8077001703,,
8077001705,,
8077001706,,
8077001707,,
8077001800,,
8077001900,,
8079973600,,
8081000300,,
8081000400,,
8081000500,,
8081000600,,
8083941100,,
8083969000,,
8083969100,,
8083969200,,
8083969300,,
8083969400,,
8083969600,,
8085966100,,
8085966201,,
8085966202,,
8085966300,,
8085966400,,
8085966501,,
8085966502,,
8085966503,,
8085966601,,
8085966602,,
8087000100,,
8087000200,,
8087000300,,
8087000400,,
8087000500,,
8087000600,,
8087000700,,
8087000800,,
8089968000,,
8089968100,,
8089968200,,
8089968300,,
8089968400,,
8089968500,,
8089968600,,
8091967600,,
8093000100,,
8093000200,,
8093000300,,
8093000400,,
8093000500,,
8095967600,,
8095967700,,
8097000100,,
8097000401,,
8097000402,,
8097000500,,
8099000100,,
8099000200,,
8099000300,,
8099000600,,
8099000700,,
8101000100,,
8101000200,,
8101000300,,
8101000400,,
8101000500,,
8101000600,,
8101000800,,
8101000902,,
8101000903,,
8101000904,,
8101000905,,
8101001000,,
8101001100,,
8101001200,,
8101001400,,
8101001500,,
8101001600,,
8101001700,,
8101001800,,
8101001900,,
8101002000,,
8101002100,,
8101002200,,
8101002300,,
8101002400,,
8101002500,,
8101002600,,
8101002700,,
8101002801,,
8101002802,,
8101002804,,
8101002806,,
8101002807,,
8101002808,,
8101002901,,
8101002903,,
8101002906,,
8101002911,,
8101002912,,
8101002913,,
8101002914,,
8101002915,,
8101002916,,
8101002917,,
8101002918,,
8101003001,,
8101003004,,
8101003103,,
8101003104,,
8101003105,,
8101003106,,
8101003200,,
8101003500,,
8101003600,,
8101980100,,
8103951100,,
8103951200,,
8105976700,,
8105976800,,
8105977000,,
8107000100,,
8107000200,,
8107000300,,
8107000400,,
8107000500,,
8107000600,,
8107000700,,
8107000800,,
8109977600,,
8109977700,,
8111972600,,
8113968101,,
8113968102,,
8113968103,,
8113968200,,
8115968300,,
8117000100,,
8117000200,,
8117000300,,
8117000401,,
8117000402,,
8119010103,,
8119010104,,
8119010105,,
8119010106,,
8119010201,,
8119010202,,
8121924100,,
8121924200,,
8123000100,,
8123000200,,
8123000300,,
8123000401,,
8123000402,,
8123000501,,
8123000502,,
8123000600,,
8123000701,,
8123000703,,
8123000704,,
8123000705,,
8123000800,,
8123000900,,
8123001003,,
8123001004,,
8123001005,,
8123001006,,
8123001100,,
8123001201,,
8123001202,,
8123001300,,
8123001404,,
8123001405,,
8123001406,,
8123001407,,
8123001408,,
8123001409,,
8123001410,,
8123001411,,
8123001412,,
8123001413,,
8123001414,,
8123001415,,
8123001416,,
8123001417,,
8123001500,,
8123001600,,
8123001700,,
8123001800,,
8123001902,,
8123001905,,
8123001906,,
8123001907,,
8123001908,,
8123002004,,
8123002005,,
8123002006,,
8123002007,,
8123002008,,
8123002009,,
8123002010,,
8123002011,,
8123002012,,
8123002013,,
8123002014,,
8123002015,,
8123002016,,
8123002017,,
8123002018,,
8123002019,,
8123002020,,
8123002021,,
8123002101,,
8123002102,,
8123002103,,
8123002203,,
8123002204,,
8123002205,,
8123002206,,
8123002207,,
8123002208,,
8123002209,,
8123002210,,
8123002300,,
8123002501,,
8123002502,,
8125963100,,
8125963200,,